Area_Code_Level2,Area_Name_Level2,Age 0-9,Age 10-19,Age 20-29,Age 30-39,Age 40-49,Age 50-59,Age 60-69,Age 70-79,Age 80 and over
503021042,Subiaco - Shenton Park,1789,1974,2852,3002,2470,2214,2034,1858,1133
407021156,Penola,314,390,247,326,391,502,474,377,148
401051018,Payneham - Felixstow,1375,1305,2002,2165,1610,1540,1300,1099,1197
404021100,North Haven,1532,1575,1774,1979,1778,2049,2237,1556,788
504021054,Swan View - Greenmount - Midvale,1519,1658,1776,1783,1713,1811,1617,1276,811
506031131,Willetton,2317,4034,2058,1995,3669,2438,1978,1563,649
407031165,Murray Bridge,2101,2256,2408,2484,2008,2408,2436,2026,1244
403031068,Colonel Light Gardens,1894,2002,1995,2115,2261,2055,1743,1195,737
401051017,Norwood (SA),881,1190,1957,1808,1422,1232,1365,1200,579
506071147,South Perth - Kensington,1619,1876,2879,2769,2321,2419,2210,1731,751
404021101,Port Adelaide,1171,1215,1621,1950,1538,1645,1545,971,522
511041291,Morawa,480,385,282,494,474,585,683,454,187
407031169,The Coorong,618,620,525,598,563,720,913,687,376
510021269,Port Hedland,726,442,552,1038,756,496,331,49,18
505031304,Landsdale,2880,2488,2074,2934,2636,1990,1236,518,208
602031099,Flinders and Cape Barren Islands,64,68,36,90,101,128,198,182,66
402021030,Elizabeth,1643,1576,1555,1517,1298,1255,1110,713,591
505021302,Dianella - South,1428,1331,1860,2274,1748,1725,1502,1179,1031
505021091,Osborne Park Industrial,15,15,93,88,31,15,11,8,5
507041184,Winthrop,581,908,779,617,776,845,909,696,281
401021004,Aldgate - Stirling,2117,2809,1435,1836,2620,2748,2460,1945,673
506061144,Serpentine - Jarrahdale,523,570,463,636,612,848,649,424,177
506031128,Parkwood - Ferndale - Lynwood,1779,1539,1842,2289,1914,1654,1717,1344,695
506031125,Canning Vale - West,1041,1593,1358,1168,1361,1613,1368,714,290
505011070,Craigie - Beldon,1731,1142,1482,2234,1474,1138,1053,742,282
507021167,O`Connor (WA),0,0,0,0,2,3,2,0,0
505031098,Alexander Heights - Koondoola,1514,1652,1718,1560,1503,1534,1455,862,356
405021117,Gilbert Valley,463,631,369,484,524,795,908,665,291
405021116,Clare,491,489,409,526,446,533,564,469,280
507011148,Banjup,3700,3540,3283,4413,3857,2793,1683,1014,440
506011117,Seville Grove,2191,1918,1662,2170,1720,1244,821,444,181
501011001,Augusta,879,820,370,895,1027,1020,1157,827,352
510031271,Ashburton (WA),1472,759,1035,1918,1255,1011,503,108,15
509021240,Merredin,630,614,616,618,534,645,690,503,294
602011042,Newstead,550,720,633,615,656,747,599,593,437
404021099,Largs Bay - Semaphore,1506,1446,1683,2121,1926,2422,2355,1304,609
501031019,Manjimup,669,726,563,630,633,764,795,530,286
502011025,Mandurah,945,949,1332,1259,1161,1492,1660,1457,847
601051027,Hobart,456,683,2529,1900,868,868,868,784,370
401061022,Walkerville,797,1010,1049,1010,997,1077,1017,866,597
511031283,Leinster - Leonora,494,482,1007,1028,795,740,510,133,36
507041177,Bicton - Palmyra,1787,1710,1810,2243,2100,2040,1738,1374,922
404031105,Fulham,309,427,296,302,382,417,369,227,310
507051191,Singleton - Golden Bay - Secret Harbour,3597,4409,3092,3407,3857,3352,1721,892,329
506021123,Victoria Park - Lathlain - Burswood,1592,1211,3738,3707,2337,1934,1758,960,406
505031256,Carabooda - Pinjar,79,116,89,80,94,114,118,52,22
509031248,Murray,311,314,202,305,287,412,336,231,89
404031108,Richmond (SA),1584,1535,3632,3220,2104,2175,1739,1074,853
404031107,Plympton,2739,2599,5283,5019,3316,2870,2334,1930,1619
510031272,Karratha,3334,2658,2526,3949,3009,2026,904,190,35
505011071,Currambine - Kinross,1719,2077,1872,1797,1832,2408,1675,829,363
506011111,Ashendon - Lesley,0,0,0,0,3,0,0,0,0
507011161,Success - Hammond Park,3122,2625,2919,3918,3221,1935,1232,588,321
507051190,Safety Bay - Shoalwater,1361,1444,1387,1480,1526,1639,1824,1346,877
602011049,Trevallyn,518,678,525,628,682,709,576,371,209
504031060,Gidgegannup,260,436,263,267,410,596,457,219,113
403041072,Aldinga,2003,2213,1744,2049,2046,2194,2006,1494,682
601021009,Mornington - Warrane,609,487,866,954,531,541,494,421,274
507031172,Hope Valley - Postans,0,6,12,12,9,10,13,15,3
407011147,Strathalbyn Surrounds,861,1076,666,837,993,1344,1364,985,250
505011079,Mullaloo - Kallaroo,1331,1802,1293,1325,1728,1757,1475,1200,485
603021071,Geeveston - Dover,396,446,366,413,465,643,793,585,191
601041025,Mount Wellington,0,0,0,0,0,0,0,0,0
507021166,Fremantle - South,1882,1645,1828,2445,2181,2206,1991,1479,884
506021120,Kewdale Commercial,0,0,0,0,0,0,0,0,0
505021093,Stirling - Osborne Park,1627,1472,2324,2785,2117,1828,1561,1283,717
505031107,Tapping - Ashby - Sinagra,1928,2200,1685,1966,2159,1888,1235,889,541
402041041,Para Hills,1753,1960,2034,2251,1984,1888,1657,1153,624
601011003,Old Beach - Otago,635,567,583,731,626,633,670,513,198
505031105,Mindarie - Quinns Rocks - Jindalee,2507,3464,2915,2581,3051,3955,2438,1316,675
505011076,Iluka - Burns Beach,1048,1761,1089,889,1531,2008,1455,623,181
406021141,Outback,152,136,314,291,226,330,339,148,46
505031303,Hocking - Pearsall,1998,1832,1770,2335,2004,1654,1346,970,346
403041075,Clarendon,255,345,263,221,367,460,487,332,94
407021150,Grant,593,788,602,749,847,1036,912,630,227
507041178,Booragoon,1706,2254,1841,1901,2318,2154,1965,1604,1005
602031100,Scottsdale - Bridport,684,856,619,728,711,949,1171,821,463
505011072,Duncraig,2132,2712,1310,1776,2589,2061,1817,1751,760
405041126,Wallaroo,411,411,301,357,437,654,995,828,351
506041134,Gosnells,3180,2790,3074,3192,3009,2588,2224,1670,1146
402011026,Gawler - South,2631,2809,2975,2919,2553,2912,2903,2126,1508
604011080,Romaine - Havenview,405,459,470,484,434,476,443,298,167
404031106,Lockleys,1476,1376,2031,2167,1734,1652,1581,1107,882
507031170,Calista,979,939,1017,1060,961,1049,799,508,393
402051055,St Agnes - Ridgehaven,1437,1458,1543,1773,1623,1649,1545,1449,923
507051313,Baldivis - South,4814,4812,3441,5059,4118,3025,1912,1231,484
403021064,Warradale,1933,1670,2661,2822,2113,1713,1765,1537,1001
506021309,Cloverdale,1144,974,1786,1855,1259,980,764,515,378
402021031,Elizabeth East,1982,1996,2014,2050,1631,1689,1475,948,622
407021157,Tatiara,774,908,851,872,824,975,880,620,362
506071145,Como,1423,1276,2953,2765,1904,1539,1541,1277,866
503021037,Kings Park (WA),0,0,7,0,0,5,18,10,10
505011082,Sorrento - Marmion,1065,1507,979,934,1358,1488,1514,1324,560
601031021,West Moonah,476,430,681,917,532,430,398,297,166
407031168,Renmark Surrounds,588,637,667,640,571,785,764,498,212
403021062,Morphettville,1916,1695,2648,2696,2080,1958,1900,1432,980
503011036,Swanbourne - Mount Claremont,1139,1707,1018,984,1252,1446,1104,922,591
509011233,McKail - Willyung,1553,1817,1398,1424,1456,1520,1395,1009,504
602031061,Northern Midlands,398,427,364,422,402,580,599,450,176
406021139,Coober Pedy,119,134,151,201,153,211,260,227,94
404011097,Woodville - Cheltenham,2187,2012,3385,3419,2404,2532,2122,1307,836
504031058,Bullsbrook,810,833,957,834,767,883,715,384,129
406011132,Le Hunte - Elliston,242,311,176,251,259,285,362,186,108
601021006,Geilston Bay - Risdon,389,399,403,543,458,436,466,278,209
402051052,Hope Valley - Modbury,1947,1690,2497,2818,2219,1857,1683,1783,1538
506031124,Bentley - Wilson - St James,2001,1999,6397,4218,2298,1784,1497,1276,1400
404011092,Henley Beach,1535,1947,1918,1833,2101,2475,1920,1561,963
507011155,Henderson,0,0,0,0,1,4,3,1,0
602021056,Hadspen - Carrick,458,480,403,496,449,549,478,308,135
601021008,Lindisfarne - Rose Bay,747,726,802,1154,810,818,1010,899,866
506041137,Thornlie,3179,3259,3212,3561,3330,2998,2779,2053,943
405011111,Light,1280,1438,1158,1232,1168,1404,1423,869,378
509031247,Kulin,617,403,385,569,568,603,636,391,183
511021276,Carnarvon,661,632,624,651,621,752,675,398,180
604011075,Acton - Upper Burnie,403,443,477,411,391,385,394,316,186
505031255,Alkimos - Eglinton,3332,2283,2776,3626,2368,1718,977,495,131
501021016,Waroona,470,540,354,437,509,698,695,484,270
403011056,Brighton (SA),1408,1774,1526,1497,1916,2027,2315,1902,1193
504031062,Lockridge - Kiara,2228,1683,1729,2587,1939,1549,1229,707,299
405011115,Tanunda,446,550,336,530,576,621,697,606,404
507031169,Wellard (West) - Bertram,3722,2828,3309,4298,3178,1878,1061,493,167
505021084,Balcatta - Hamersley,2042,1681,2163,2946,2278,1831,1590,1567,1113
401041016,Rostrevor - Magill,2621,3035,3470,3582,3465,3061,2416,1900,1723
403041083,McLaren Vale,945,958,826,990,899,1091,999,817,552
601031014,Berriedale - Chigwell,708,766,700,909,700,692,666,433,275
506041133,Canning Vale - East,3246,3654,3697,4171,4116,3316,2143,1290,611
404011090,Beverley,1161,972,1406,1723,1203,1143,942,548,346
505031106,Neerabup National Park,0,1,1,0,2,0,0,0,0
507051314,Karnup,457,345,322,482,231,249,160,117,30
406011133,Port Lincoln,2036,2139,1753,2252,1955,2184,2183,1603,886
511011274,Esperance,1541,1679,1251,1478,1524,1621,1553,1217,701
505021301,Dianella - North,1232,1400,1640,1405,1447,1760,1601,1191,855
402021028,Craigmore - Blakeview,3025,3081,2877,3202,2518,2575,2003,1117,604
404031109,West Beach,538,600,605,691,681,747,631,520,342
505031102,Girrawheen,1234,1261,1525,1473,1336,1095,921,653,309
601021007,Howrah - Tranmere,1220,1396,1236,1553,1548,1499,1389,1382,844
505011073,Greenwood - Warwick,1777,1750,1518,2156,1954,1703,1431,1571,580
506011112,Camillo - Champion Lakes,805,851,803,861,780,772,798,525,202
406011136,Whyalla,2485,2779,2642,2772,2382,3134,2669,1819,1125
403031067,Blackwood,1576,1816,1199,1528,1974,1849,1506,1303,749
603031074,Triabunna - Bicheno,306,353,401,542,489,698,1103,943,383
403021060,Marino - Seaview Downs,1144,1264,982,1246,1349,1284,1143,1000,531
509031250,Wagin,558,592,410,505,576,712,830,623,232
506011114,Kelmscott,1266,1312,1410,1537,1395,1352,1293,973,480
504011044,Bassendean - Eden Hill - Ashfield,2019,1688,1931,2785,2276,2183,1923,1336,773
601051033,West Hobart,524,696,1028,1129,744,835,756,504,242
506011308,Piara Waters - Forrestdale,4060,2541,2174,4638,3188,1388,825,395,116
604021087,Latrobe,586,694,647,700,625,677,718,671,355
604021090,Quoiba - Spreyton,347,366,347,415,394,481,445,335,130
401021008,Mount Barker Surrounds,836,904,635,836,918,1128,1036,631,187
504031055,Avon Valley National Park,3,0,0,1,1,0,1,1,0
505011075,Hillarys,1121,1774,1141,1052,1625,1694,1696,1180,430
509031249,Narrogin,476,673,552,512,483,567,596,422,278
405041124,Kadina,603,756,519,624,597,707,831,631,404
602031058,Dilston - Lilydale,524,540,331,490,559,791,715,446,141
505031100,Carramar,3316,3168,2911,3676,2953,2419,1391,673,217
507011159,South Lake - Cockburn Central,1433,1271,1966,2020,1530,1545,1387,861,512
403021061,Mitchell Park,1709,1636,2963,3101,1985,1753,1716,1459,1103
511031281,Kalgoorlie Airport,0,0,0,0,0,0,0,0,0
407021152,Millicent,505,671,527,439,604,763,828,687,374
505021087,Herdsman,0,0,0,0,0,0,0,0,0
507011259,Beeliar - Wattleup,1744,1383,1781,2139,1680,1288,924,453,182
501021005,Australind - Leschenault,2917,3135,1939,2739,2713,2503,2456,1702,682
501021254,Withers - Usher,688,695,639,700,710,687,665,444,180
506031127,Cannington - Queens Park,3208,2097,5393,5113,2809,1881,1371,836,447
506011115,Mount Nasura - Mount Richon - Bedfordale,972,1116,931,940,1039,1278,1239,810,454
505031101,Clarkson,2195,1786,2373,2692,1957,1773,1352,678,261
601041026,Taroona - Bonnet Hill,297,534,309,324,466,559,486,408,210
401031013,Toorak Gardens,1623,2243,1869,1910,2080,1999,1932,2002,1416
604021092,Turners Beach - Forth,349,461,292,403,413,582,556,425,141
403041080,Happy Valley,1605,1662,1568,1895,1810,1628,1754,1579,781
503021043,Wembley - West Leederville - Glendalough,2327,2232,3119,4131,3046,2017,1746,1252,865
404011096,West Lakes,1424,1468,1438,1726,1760,1919,2303,2401,1327
406011129,Ceduna,407,324,349,382,286,375,354,257,116
601011002,Brighton - Pontville,927,893,998,1016,809,875,689,455,183
604031098,Wilderness - West,0,0,0,0,0,0,0,0,0
401041015,Paradise - Newton,2408,2166,3285,3467,2772,2557,2190,1959,1671
502011028,Mandurah - South,1106,1392,1275,1111,1199,1577,1855,1814,1048
407031166,Murray Bridge Surrounds,407,471,376,384,427,670,635,412,123
602011039,Legana,595,682,555,641,603,615,589,473,286
501021251,Dalyellup,1568,1815,1181,1477,1544,1355,808,529,189
401021006,Lobethal - Woodside,1080,1181,1023,1097,1128,1397,1267,969,553
507051186,Cooloongup,1010,1098,1066,1124,959,1204,1148,878,445
407021154,Naracoorte,745,809,758,914,801,705,736,581,421
501021252,Gelorup - Stratham,306,576,240,250,441,522,494,290,74
601031020,New Norfolk,860,987,874,1002,853,986,962,684,362
603011066,Derwent Valley,322,470,334,334,501,533,546,305,108
604031094,North West,584,569,466,510,537,588,652,382,113
402041040,Ingle Farm,1844,1854,2120,2268,2053,1840,1411,1693,943
511031284,Trafalgar (WA),0,0,0,0,0,0,0,0,0
602031059,George Town,737,831,672,779,748,1077,1224,938,408
604031096,Waratah,404,511,294,425,453,670,641,411,141
403041085,Morphett Vale - West,1222,1104,1409,1654,1129,1190,1175,1110,452
503011030,City Beach,594,1301,739,397,886,1144,841,598,677
602011047,South Launceston,547,509,823,902,580,517,451,328,265
504031066,Midland - Guildford,1129,1085,1808,1869,1508,1529,1342,883,640
505031305,Madeley - Darch,1871,2469,1736,1912,2505,2031,1158,835,536
506041135,Huntingdale - Southern River,3661,3800,3283,3789,3690,2863,1881,1059,367
601021004,Bellerive - Rosny,615,696,697,956,712,767,886,785,486
502011022,Falcon - Wannanup,1010,1164,854,1061,1161,1424,1799,1509,576
407031170,Waikerie,617,731,523,692,759,964,1130,968,367
403011057,Glenelg (SA),1528,1985,2538,2688,2374,2723,3096,2751,1600
402031175,Northgate - Northfield,2263,1979,3071,3851,2779,2012,1478,1175,581
401031011,Burnside - Wattle Park,1892,2764,2292,1934,2643,2585,2425,2040,1268
511041290,Meekatharra,329,270,590,562,474,494,363,231,60
407031161,Karoonda - Lameroo,304,349,260,337,359,403,399,343,190
507011153,Coolbellup,1009,908,1400,1529,1144,1152,919,672,417
509021244,Toodyay,457,525,369,413,462,860,970,675,223
503011034,Mosman Park - Peppermint Grove,1058,1767,1545,1368,1475,1585,1350,1039,581
503011035,Nedlands - Dalkeith - Crawley,1722,3397,4708,1977,2199,2185,1828,1807,1041
509011234,Plantagenet,567,709,411,515,692,890,982,635,268
604021089,Port Sorell,609,680,466,647,645,973,1257,1069,458
510021268,Newman,866,545,701,994,672,508,255,40,2
509031246,Brookton,405,336,328,365,348,557,535,472,267
602031062,Perth - Evandale,661,634,657,694,542,806,861,617,264
403031066,Bellevue Heights,699,1018,1589,1018,924,854,762,702,580
506021311,Rivervale,1113,827,2561,2698,1553,1198,1099,616,328
509011230,Katanning,636,591,596,615,528,607,602,378,216
507011158,North Coogee,319,385,532,624,633,710,680,392,119
603011065,Central Highlands,217,257,225,255,256,354,498,357,81
501021253,South Bunbury - Bunbury,1267,1462,1366,1576,1616,1803,1840,1497,884
603021072,Huonville - Franklin,1185,1253,1026,1299,1265,1375,1341,876,473
401061020,Nailsworth - Broadview,715,751,931,936,864,831,804,483,217
504031057,Beechboro,3650,3093,3551,4487,3334,2650,2035,1077,424
402041039,Dry Creek - North,0,0,0,0,0,0,0,0,0
603021069,Bruny Island - Kettering,310,350,187,280,429,516,723,592,198
504021050,Glen Forrest - Darlington,878,1047,566,728,995,1182,1062,801,311
402041048,Salisbury North,2683,2677,2742,3064,2447,2002,1808,1005,483
506041136,Maddington - Orange Grove - Martin,2241,2066,2344,2582,2218,1842,1497,1121,594
403041071,Aberfoyle Park,1308,1499,1261,1417,1486,1623,1689,1038,586
511031280,Kalgoorlie - North,1533,1183,1357,1656,1205,1056,804,344,157
403041088,Willunga,360,482,320,318,437,585,605,419,165
407021158,Wattle Range,384,433,266,349,394,535,670,435,147
511041287,Geraldton - North,1378,1381,1036,1277,1125,1281,990,657,274
501011294,Busselton - West,2264,2945,1597,2288,2669,2537,2709,2431,1379
604011079,Penguin - Sulphur Creek,591,633,488,652,635,811,854,595,331
604021088,Miandetta - Don,423,538,386,470,475,480,504,333,176
602011044,Prospect Vale - Blackstone,671,776,624,800,826,980,933,821,517
509011226,Albany Surrounds,454,546,269,458,471,603,609,391,111
602011045,Ravenswood,546,577,582,502,424,512,371,366,111
506011110,Armadale - Wungong - Brookdale,4132,3337,4067,4376,3146,2719,2185,1591,816
407031162,Loxton,705,719,496,622,616,719,746,674,402
401061021,Prospect,1765,1952,2756,2671,2201,1899,1722,992,647
602011038,Launceston,442,576,819,840,635,701,692,528,248
507011152,Coogee,1304,1228,1137,1371,1398,1473,1291,899,466
505031099,Butler - Merriwa - Ridgewood,3371,3880,3419,3661,3313,3047,1840,1528,1200
403041177,Seaford - Seaford Meadows,1944,1927,1807,2382,1930,1619,1421,1182,659
501021011,Davenport,0,0,0,5,0,6,0,0,0
506011307,Harrisdale,2367,2175,1282,2781,2453,1078,678,345,86
505021088,Innaloo - Doubleview,2338,1806,2881,4251,2659,2177,1778,1167,892
402041043,Parafield Gardens,2496,2461,2506,2783,2324,2155,1961,1253,683
602021053,Beauty Point - Beaconsfield,337,360,282,346,362,651,939,661,227
503021039,Mount Lawley - Inglewood,1786,1690,2977,3151,2453,2251,1875,1255,682
507051192,Waikiki,1640,1912,1541,1606,1650,1913,1643,942,445
504021049,Chidlow,270,428,742,1057,800,727,575,269,84
504011045,Bayswater - Embleton - Bedford,3231,2706,3255,4612,3728,3299,2534,1783,1116
601031018,Montrose - Rosetta,517,559,604,820,598,542,619,456,350
402031036,Enfield - Blair Athol,3328,2833,5152,5194,3485,2597,2213,1433,986
504031300,Ellenbrook,3095,3343,2715,3107,2934,2449,1395,976,705
505021096,Wembley Downs - Churchlands - Woodlands,1716,2627,1608,1660,2422,2124,1569,1239,1134
403041073,Christie Downs,1088,1152,1308,1243,1209,1176,1026,993,463
602011048,Summerhill - Prospect,621,576,627,710,601,579,599,488,255
503021295,East Perth,666,493,3382,3639,1690,1404,1205,758,272
601021012,South Arm,495,608,334,515,680,678,792,463,123
509011228,Denmark,677,863,302,594,805,949,1109,933,386
504031067,Stratton - Jane Brook,1003,1063,990,1047,942,1087,759,395,198
505021090,Nollamara - Westminster,2820,1784,3962,5017,2854,1912,1750,1031,688
501031018,Donnybrook - Balingup,732,714,454,700,701,959,1103,784,291
405041127,Yorke Peninsula - North,735,722,480,577,684,957,1489,1428,613
402021032,Munno Para West - Angle Vale,3542,2753,3647,3627,2133,1743,1252,670,359
504021053,Mundaring,1522,1958,1147,1533,1810,2153,1999,1320,623
509021239,Gingin - Dandaragan,949,909,887,1078,1039,1490,1656,1318,486
505021085,Balga - Mirrabooka,3228,2789,3745,4053,2816,2246,1981,1294,567
403021059,Hallett Cove,1366,1433,1372,1546,1689,1767,1941,1200,445
407021155,Naracoorte Surrounds,295,334,206,246,302,367,399,233,76
501021012,Eaton - Pelican Point,1748,1674,1468,1824,1647,1509,1412,1147,693
403041078,Hackham - Onkaparinga Hills,803,890,903,962,830,901,908,762,285
510011266,Roebuck,404,426,417,418,290,279,262,75,36
511011275,Esperance Surrounds,594,445,437,608,517,672,556,310,124
405011110,Barossa - Angaston,666,945,596,629,886,999,1051,697,289
507041179,Bull Creek,923,1220,806,860,1197,907,898,997,648
511041289,Irwin,286,451,265,294,419,558,748,559,262
401021005,Hahndorf - Echunga,481,572,436,461,546,710,670,561,294
404011091,Flinders Park,1861,1756,2508,2805,2147,2073,1743,1396,1097
507041175,Applecross - Ardross,1218,1608,1509,1356,1698,1589,1559,1255,681
501011004,Margaret River,1501,1492,971,1670,1894,1430,1280,764,268
407021151,Kingston - Robe,320,375,369,357,394,557,746,601,277
505021094,Trigg - North Beach - Watermans Bay,930,1026,862,924,1150,1109,1083,964,475
403041079,Hackham West - Huntfield Heights,940,1006,1082,1108,997,999,894,719,263
604011084,Wynyard,714,782,513,747,678,801,997,918,486
507031173,Kwinana Industrial,0,0,4,4,0,8,3,6,0
401041014,Athelstone,1019,1190,1127,1179,1285,1336,1244,958,464
510021267,East Pilbara,287,362,1194,1613,1165,969,503,86,52
507051312,Baldivis - North,2504,1826,2254,2933,1651,1275,849,634,232
503021038,Mount Hawthorn - Leederville,1567,1517,1739,2379,1892,1620,1113,589,380
510031273,Roebourne,784,727,764,1103,952,718,410,106,42
407021173,Mount Gambier - East,1793,2099,1700,1858,1793,2096,1948,1385,819
507051193,Warnbro,1466,1583,1403,1532,1408,1513,1331,774,399
504031064,Melaleuca - Lexia,0,0,0,0,0,0,0,0,0
601031019,Moonah,598,541,885,1190,729,566,612,353,207
401071023,Goodwood - Millswood,1701,2051,2593,2432,2302,2278,2208,1740,865
507041181,Melville,2023,2779,1892,1966,2549,2686,1944,1452,1191
506011116,Roleystone,840,1000,631,888,1072,1064,1042,804,266
602011050,Waverley - St Leonards,518,538,547,650,500,465,456,277,149
405031122,Port Pirie,1525,1792,1768,1514,1483,1888,1800,1495,904
602011052,Youngtown - Relbia,609,574,624,670,583,639,590,524,358
504031068,The Vines,2068,2128,1634,2023,1959,1899,1274,858,280
405031120,Jamestown,577,541,353,442,468,648,782,603,291
505031306,Wanneroo - Sinagra,2099,1905,1959,2430,1978,1739,1564,1285,716
501021015,East Bunbury - Glen Iris,887,933,892,1060,875,946,962,711,413
506021118,Belmont - Ascot - Redcliffe,1743,1488,2621,2882,2151,1943,1699,1107,672
604011082,Ulverstone,705,808,627,713,744,884,1114,976,610
403041076,Coromandel Valley,573,696,409,546,706,623,506,400,131
604031097,West Coast (Tas.),434,411,435,547,508,722,697,430,175
602011051,West Launceston,430,452,515,562,552,596,566,382,195
602021057,Westbury,464,564,448,478,523,635,717,552,231
504031061,Hazelmere - Guildford,873,709,808,1161,893,769,631,423,169
506061142,Byford,4554,3600,3205,4565,3208,2222,1593,856,304
502011024,Halls Head - Erskine,2084,2506,1985,2010,2312,2799,3056,3113,1690
510021270,South Hedland,2102,1712,1887,2593,1639,1425,849,171,48
402051050,Greenwith,1016,1393,1052,1133,1285,1397,1041,631,244
507011151,Bibra Lake,0,0,0,0,0,0,0,0,0
601031013,Austins Ferry - Granton,505,614,527,648,624,620,515,344,177
604011083,West Ulverstone,463,581,430,481,449,622,657,578,344
503021296,Perth (North) - Highgate,819,531,3467,3770,1549,1114,879,513,237
601041024,Margate - Snug,1143,1278,768,1128,1199,1110,1007,709,322
504031063,Malaga,0,0,6,4,6,4,3,0,0
501011003,Busselton Surrounds,1568,1730,845,1602,1913,1834,1774,1374,517
403031069,Mitcham (SA),1664,2443,1807,1542,2148,2281,2154,1787,961
402021029,Davoren Park,3376,3009,3073,3260,2277,1879,1475,788,380
510011265,Kununurra,1252,1099,1196,1422,1086,1014,776,289,75
406011130,Eyre Peninsula,796,888,467,717,770,998,1162,875,414
504021052,Malmalling - Reservoir,0,3,0,2,1,1,0,4,0
604031095,Smithton,447,513,423,491,371,516,536,407,247
401071024,Unley - Parkside,1988,2703,2740,2522,2890,2630,2331,2212,1743
403041178,Seaford Rise - Moana,1312,1514,1280,1388,1436,1538,1332,944,408
405041128,Yorke Peninsula - South,352,369,302,320,366,609,947,774,318
407031159,Barmera,589,818,648,646,712,898,1110,796,366
506041132,Beckenham - Kenwick - Langford,2952,2532,3594,3823,2993,2365,1786,1375,606
406021142,Port Augusta,1612,1862,1744,2187,1567,1741,1645,1139,585
403041086,Reynella,1177,1190,1262,1558,1306,1197,1166,1068,623
505031257,Two Rocks,632,636,416,598,565,648,526,302,115
507041180,Leeming,1294,1543,1154,1263,1560,1346,1670,1116,411
504031298,Aveley,3018,2693,2474,3598,2664,1705,1024,582,231
501031017,Bridgetown - Boyup Brook,773,930,536,639,913,1091,1322,1009,404
511031278,Boulder,1135,982,1157,1095,1001,987,825,334,81
401021009,Nairne,842,734,701,836,696,712,603,396,89
511031279,Kalgoorlie,1898,1751,2061,2194,1832,1844,1197,562,273
405021118,Goyder,392,487,318,366,400,604,783,560,231
401011001,Adelaide,609,1357,8104,3779,1944,1573,1499,1249,556
407031160,Berri,440,459,594,551,452,490,522,429,271
602011040,Mowbray,401,437,917,734,448,419,372,249,157
402051054,Redwood Park,2000,2128,1919,2338,2141,2067,1889,1568,675
504011048,Noranda,809,1017,972,948,964,997,1189,958,519
402051051,Highbury - Dernancourt,1284,1466,1385,1397,1447,1455,1278,1196,616
509011232,Little Grove - Elleker,356,441,288,493,450,534,661,462,199
509021245,York - Beverley,475,518,310,454,555,759,1052,845,402
507031174,Parmelia - Orelia,1546,1608,1693,1662,1651,1571,1194,810,351
402041047,Salisbury East,2223,2481,2413,2383,2301,2310,2130,1654,1000
503021040,North Perth,1006,1003,1673,1908,1529,1332,1026,617,406
506031130,Welshpool,0,0,2,3,0,7,1,2,0
507051188,Rockingham,1392,1614,2682,2046,1863,2364,2594,2035,1376
506061143,Mundijong,1040,1157,929,919,1008,1245,817,497,174
603021070,Cygnet,470,602,347,510,601,708,926,707,189
602021055,Grindelwald - Lanena,572,740,508,560,705,982,1144,815,354
403021063,Sheidow Park - Trott Park,1382,1419,1081,1495,1556,1327,1232,657,228
405011112,Lyndoch,769,1016,630,779,885,1041,938,587,213
404021098,Dry Creek - South,0,0,0,0,0,0,0,0,0
604021091,Sheffield - Railton,602,781,580,717,762,1124,1184,795,294
407011146,Strathalbyn,873,1010,883,827,850,1086,1179,1058,558
507041183,Willagee,737,730,821,1016,753,695,487,380,314
505021092,Scarborough,1976,1549,3159,4575,2690,2047,1581,1054,612
505031104,Marangaroo,1248,1350,1445,1524,1332,1340,1265,813,459
507051189,Rockingham Lakes,0,0,0,0,0,0,1,0,2
604011076,Burnie - Ulverstone Surrounds,562,631,572,591,610,902,836,485,140
404021102,The Parks,2228,2255,3687,3402,2561,2398,2007,1303,811
402021033,One Tree Hill,220,363,261,217,298,453,411,234,50
404011093,Hindmarsh - Brompton,1887,1783,3693,3712,2396,2446,2094,1287,828
509021242,Mukinbudin,319,230,274,380,409,514,488,285,163
402041172,Pooraka - Cavan,1010,941,1192,1239,1020,956,882,656,370
602011041,Newnham - Mayfield,1287,1112,1909,1596,1065,1046,932,685,409
507011154,Hamilton Hill,1214,1199,1671,2180,1620,1544,1206,967,637
511041286,Geraldton - East,1144,1351,943,1014,1003,1152,925,571,223
507011150,Bibra Industrial,0,0,0,5,0,1,11,3,1
501021007,Capel,621,828,469,612,743,842,866,588,223
601061035,Sorell - Richmond,1218,1099,1177,1544,1148,1285,1384,1080,604
503011032,Cottesloe,788,1099,1136,968,961,1151,1002,868,487
507041176,Bateman,430,579,512,491,582,478,441,363,167
604021086,East Devonport,577,588,592,664,498,647,710,651,307
404011094,Royal Park - Hendon - Albert Park,734,664,1049,1169,840,861,670,432,306
502011029,Pinjarra,1392,1527,1028,1288,1333,1396,1390,1181,681
405031123,Port Pirie Surrounds,390,468,267,338,357,456,524,410,177
504011046,Maylands,1253,971,2868,3511,1961,1497,1158,868,366
402041046,Salisbury,2410,2245,2598,2827,2147,2206,2002,1447,979
402051053,Modbury Heights,2209,2475,2086,2539,2673,2471,2540,1930,773
403041077,Flagstaff Hill,1238,1423,1213,1305,1464,1515,1373,1164,429
509011227,Bayonet Head - Lower King,641,748,470,597,664,725,765,600,332
402021035,Virginia - Waterloo Corner,911,650,933,1071,702,656,755,562,341
404031104,Adelaide Airport,0,0,0,0,3,0,0,0,0
507021165,Fremantle,1901,1633,2593,3015,2258,2538,2383,1631,811
506021119,East Victoria Park - Carlisle,2049,1600,3699,4033,2537,2001,1537,969,488
403041082,Lonsdale,3,0,5,3,1,9,0,5,0
509021236,Chittering,747,949,523,697,839,1116,855,572,218
502011027,Mandurah - North,3452,3478,2764,3434,3028,2790,2269,1809,1032
504031299,Brabham - Henley Brook,2762,1603,2322,3561,1802,1199,665,321,102
602011043,Norwood (Tas.),400,524,325,431,451,459,481,504,411
405021119,Wakefield - Barunga West,1097,1180,814,930,955,1370,1620,1184,583
509021238,Dowerin,463,361,378,416,480,527,619,478,201
407021174,Mount Gambier - West,1749,1897,1783,1896,1646,1801,1870,1519,931
406011134,West Coast (SA),471,476,353,418,430,541,666,371,111
511041288,Geraldton - South,1513,1659,1071,1454,1524,1383,1231,776,395
511021277,Exmouth,631,463,724,979,687,604,603,333,106
501031020,Pemberton,423,578,308,519,649,888,1054,755,303
404011095,Seaton - Grange,1912,1675,2133,2697,2065,2298,2200,1812,1214
507011163,Yangebup,1154,963,952,1389,1111,1051,885,407,215
501011293,Busselton - East,1000,1237,801,1085,1220,1352,1385,1239,558
510011263,Derby - West Kimberley,1285,1233,1401,1396,1007,963,710,334,75
402031038,Windsor Gardens,3019,2371,3570,4589,3096,2375,1992,1402,1005
506031129,Riverton - Shelley - Rossmoyne,1496,2542,1597,1510,2327,1983,1563,1354,982
402011027,Lewiston - Two Wells,987,1002,987,1053,928,1135,789,423,151
601051028,Lenah Valley - Mount Stuart,1042,1014,1033,1594,1241,1151,1018,681,381
403031070,Panorama,958,983,1129,1298,1107,949,852,811,762
406011131,Kimba - Cleve - Franklin Harbour,492,499,344,459,451,571,692,524,279
510011264,Halls Creek,689,725,732,685,485,442,231,143,29
601031015,Claremont (Tas.),875,1023,1113,1407,928,1007,914,765,534
604021085,Devonport,1526,1797,1767,1910,1573,1825,1824,1639,1035
505021097,Yokine - Coolbinia - Menora,1817,1706,2498,3114,2389,2064,1765,1471,1434
407011149,Yankalilla,605,709,386,527,629,1003,1403,1113,419
511041285,Geraldton,1242,1375,1395,1435,1329,1680,1694,1314,891
403041074,Christies Beach,1213,1257,1437,1678,1386,1494,1363,1045,625
501021010,Dardanup,430,456,268,360,449,564,555,321,128
602021054,Deloraine,606,726,612,668,610,850,1017,795,388
509011231,Kojonup,565,476,359,466,493,592,649,382,229
601031017,Glenorchy,1227,1276,2008,2505,1255,1271,1222,973,652
406011137,Whyalla - North,0,0,0,0,0,0,0,0,0
601041022,Kingston - Huntingfield,1647,1674,1859,2436,1786,1416,1354,1210,688
506051138,Forrestfield - Wattle Grove,3098,2870,2609,3407,3208,2386,1995,1413,717
505011077,Joondalup - Edgewater,1494,1530,2501,2140,1811,1735,1874,1149,650
401031012,Beaumont - Glen Osmond,1017,1832,976,896,1609,1378,1183,1054,582
506071146,Manning - Waterford,1114,1711,2240,1456,1432,1478,1429,1059,709
602011037,Kings Meadows - Punchbowl,573,610,741,742,659,544,486,369,320
406021140,Quorn - Lake Gilles,199,206,193,189,177,324,440,349,119
507051187,Port Kennedy,1908,2279,1771,1816,1770,2071,1389,810,419
511031282,Kambalda - Coolgardie - Norseman,513,563,603,651,565,758,630,302,73
601041023,Kingston Beach - Blackmans Bay,1165,1374,1093,1298,1487,1471,1549,1253,593
407011148,Victor Harbor,1249,1485,929,1224,1380,1746,2982,3664,1933
604011078,Parklands - Camdale,833,1040,816,795,839,902,841,604,395
501021014,Harvey,996,1334,1011,1145,1250,1452,1374,970,472
402021034,Smithfield - Elizabeth North,1714,1782,1905,1841,1352,1498,1335,856,489
505031258,Yanchep,1996,1854,1550,1906,1617,1498,1082,774,332
603011067,Southern Midlands,744,806,745,804,841,1034,1031,671,242
509021241,Moora,587,564,459,505,621,650,650,420,206
502011021,Dawesville - Bouvard,1069,1265,804,1052,1148,1190,1418,1241,411
402041044,Paralowie,2389,2583,2568,2788,2346,2448,1915,952,316
403041084,Morphett Vale - East,1586,1520,1847,1910,1713,1749,1663,1460,713
604031093,King Island,200,185,127,228,177,226,243,170,92
407011144,Goolwa - Port Elliot,861,1083,741,879,1157,1457,2638,2830,1560
402031176,Valley View - Gilles Plains,1313,1197,1527,1767,1450,1129,931,927,516
504021051,Helena Valley - Koongamia,783,681,763,808,692,777,752,664,325
405011114,Nuriootpa,745,955,830,879,883,885,1003,942,519
505011083,Woodvale,1029,1495,1039,926,1368,1411,1523,852,424
601021011,Rokeby,1339,1012,1431,1850,985,760,716,492,178
507011260,Jandakot,218,333,337,320,304,369,378,254,69
601051030,New Town,586,640,1035,1167,788,789,760,512,309
505011081,Padbury,1400,1142,858,1552,1290,996,971,740,275
503011031,Claremont (WA),808,1314,1428,1182,1098,1227,1044,1068,940
405031121,Peterborough - Mount Remarkable,476,593,298,419,506,807,1174,789,369
505011080,Ocean Reef,902,1352,896,737,1120,1409,1218,729,299
401021003,Adelaide Hills,692,922,747,659,780,1232,1130,694,279
601051031,Sandy Bay,889,1226,2510,1920,1199,1264,1366,1323,813
501021009,Collie,1072,1174,906,983,1001,1319,1381,1025,434
403031065,Belair,480,611,483,453,655,683,586,571,378
406011135,Western,10,4,18,33,29,32,7,5,6
509021243,Northam,1450,1569,1252,1421,1405,1683,1688,1213,512
505011074,Heathridge - Connolly,1468,1346,1383,1726,1479,1392,1385,834,336
506021121,Perth Airport,0,0,0,10,4,5,4,0,0
602011036,Invermay,313,305,845,619,356,400,374,209,103
504031056,Ballajura,2356,2688,2670,2460,2312,2806,2516,1117,538
402011025,Gawler - North,1177,1572,1043,1140,1343,1494,1126,696,373
405041125,Moonta,390,422,375,397,421,792,1123,1115,509
403041089,Woodcroft,1253,1479,1364,1375,1438,1641,1400,1120,622
602031064,St Helens - Scamander,533,606,448,592,719,1055,1546,1124,445
601011001,Bridgewater - Gagebrook,1412,1397,1310,1186,925,854,810,540,132
403041081,Happy Valley Reservoir,0,0,0,0,0,0,0,0,0
506051139,High Wycombe,1577,1607,1630,1939,1620,1596,1330,944,604
401021010,Uraidla - Summertown,655,884,634,702,841,926,826,554,224
503021297,Perth (West) - Northbridge,609,420,4416,4232,1680,1150,905,592,362
509021237,Cunderdin,456,514,308,428,367,557,597,405,233
405011113,Mallala,358,474,359,422,407,519,496,325,117
602011046,Riverside,816,1021,763,1040,862,877,941,727,428
401051019,St Peters - Marden,1317,1659,2052,1955,1630,1762,1731,1167,812
509011229,Gnowangerup,477,302,327,423,405,402,392,211,63
602031060,Longford,464,503,513,512,454,584,667,600,296
407031164,Mannum,532,683,445,533,588,1127,1351,1142,447
601031016,Derwent Park - Lutana,512,468,689,931,559,512,467,345,175
506051140,Kalamunda - Maida Vale - Gooseberry Hill,1586,2049,1371,1501,1961,2291,2066,1957,1119
603031073,Forestier - Tasman,158,230,171,187,285,404,659,429,163
501021008,College Grove - Carey Park,770,849,946,1142,947,949,884,587,317
601061034,Dodges Ferry - Lewisham,1027,992,860,1129,1088,1261,1455,893,241
406021143,Roxby Downs,741,499,628,957,584,460,216,27,1
401011002,North Adelaide,353,696,1844,1045,673,660,686,795,479
603011068,Wilderness - East,1,0,2,0,0,3,1,0,0
601021010,Risdon Vale,425,408,596,722,461,372,297,246,161
401021007,Mount Barker,3166,3222,3113,3642,3175,2850,2366,1997,1048
504031065,Middle Swan - Herne Hill,654,781,769,841,734,831,722,528,308
507021164,East Fremantle,821,1131,833,949,1077,1236,1002,723,450
601021005,Cambridge,1046,1156,736,1050,1115,1260,1365,813,316
407031167,Renmark,501,487,551,595,515,506,640,582,368
604011077,Burnie - Wivenhoe,454,440,467,533,373,489,515,312,156
506031126,Canning Vale Commercial,0,0,2,0,0,0,3,0,0
407031163,Loxton Surrounds,183,193,155,184,175,310,313,202,81
509011235,Stirling Range National Park,0,0,0,0,0,0,0,0,0
503011033,Floreat,1078,1657,790,716,1374,1422,1095,668,371
504011047,Morley,2705,2374,3592,4080,3066,2782,2434,2043,1355
506021310,Kewdale,1003,876,1204,1476,1047,834,691,511,357
601051029,Mount Nelson - Dynnyrne,460,672,949,742,682,597,492,444,137
509011225,Albany,1409,1845,1439,1703,1623,1925,2209,1942,1440
402051049,Golden Grove,1015,1386,1193,1101,1262,1534,1354,1008,647
507031261,Casuarina - Wandi,1675,1163,1998,2593,1545,1104,726,359,110
402041171,Mawson Lakes - Globe Derby Park,1736,1800,2940,2665,2024,1584,1152,605,244
510011262,Broome,2352,2191,2110,2982,2301,2035,1357,513,167
604011081,Somerset,406,504,415,419,451,598,656,478,254
502011023,Greenfields,1196,1216,1100,1134,992,1292,1301,1196,1134
402041042,Parafield,0,0,14,3,0,1,0,0,0
505011078,Kingsley,1636,1761,1149,1536,1848,1650,1882,1453,801
407011145,Kangaroo Island,559,474,397,548,527,683,935,707,295
502011026,Mandurah - East,677,830,721,732,776,945,1133,1036,465
505021089,Karrinyup - Gwelup - Carine,3189,3459,1982,2645,3513,3055,2413,2321,1549
404021103,Torrens Island,0,0,0,0,0,0,1,4,0
505021095,Tuart Hill - Joondanna,1369,877,2347,3269,1892,1480,1215,826,567
406021138,APY Lands,415,407,538,479,312,281,141,37,22
511041292,Northampton - Mullewa - Greenough,598,627,399,583,637,939,1069,723,285
507041182,Murdoch - Kardinya,1156,1435,2382,1762,1305,1467,1648,1390,945
507011160,Spearwood,1321,1098,1640,1803,1487,1530,1380,1148,750
403021058,Edwardstown,1579,1382,2673,2678,1930,1608,1549,1010,706
506051141,Lesmurdie - Bickley - Carmel,1273,1978,1112,1086,1624,1736,1445,1243,722
504031069,Walyunga National Park,0,0,0,0,0,0,0,0,0
601051032,South Hobart - Fern Tree,653,832,1036,989,951,823,707,524,335